Record Type,Fuel Type,County,Registration Class
BOAT,OTHER   ,CLINTON     ,12
VEH ,DIESEL  ,NEW YORK    ,6862
BOAT,FLEX    ,ONONDAGA    ,10
BOAT,FLEX    ,SCHUYLER    ,2
BOAT,FLEX    ,LIVINGSTON  ,3
VEH ,FLEX    ,BROOME      ,79
VEH ,PROPANE ,ONEIDA      ,38
VEH ,OTHER   ,MADISON     ,2
VEH ,GAS     ,DUTCHESS    ,218386
VEH ,FLEX    ,SENECA      ,23
BOAT,NONE    ,RICHMOND    ,64
TRL ,NONE    ,ERIE        ,59168
VEH ,COMP N/G,CHEMUNG     ,3
VEH ,NONE    ,CLINTON     ,288
BOAT,GAS     ,WARREN      ,6047
BOAT,DIESEL  ,KINGS       ,351
BOAT,NONE    ,MADISON     ,15
BOAT,ELECTRIC,GREENE      ,90
VEH ,DIESEL  ,GREENE      ,2686
TRL ,GAS     ,ONONDAGA    ,4
VEH ,OTHER   ,OTSEGO      ,3
VEH ,ELECTRIC,KINGS       ,1010
VEH ,NONE    ,ORLEANS     ,181
BOAT,NONE    ,DELAWARE    ,23
VEH ,OTHER   ,OUT-OF-STATE,5
VEH ,OTHER   ,DELAWARE    ,2
BOAT,OTHER   ,ORLEANS     ,1
BOAT,FLEX    ,SULLIVAN    ,2
BOAT,NONE    ,OTSEGO      ,22
BOAT,ELECTRIC,NEW YORK    ,85
VEH ,FLEX    ,JEFFERSON   ,24
BOAT,NONE    ,OUT-OF-STATE,62
BOAT,FLEX    ,ORANGE      ,10
BOAT,ELECTRIC,SCHOHARIE   ,83
VEH ,ELECTRIC,QUEENS      ,900
TRL ,NONE    ,ESSEX       ,7135
TRL ,NONE    ,TOMPKINS    ,8041
VEH ,NONE    ,MONTGOMERY  ,83
BOAT,NONE    ,WESTCHESTER ,109
BOAT,DIESEL  ,WAYNE       ,72
BOAT,ELECTRIC,GENESEE     ,54
VEH ,DIESEL  ,COLUMBIA    ,3594
BOAT,DIESEL  ,SARATOGA    ,69
BOAT,FLEX    ,CATTARAUGUS ,2
BOAT,GAS     ,NASSAU      ,22990
TRL ,NONE    ,WASHINGTON  ,9493
VEH ,OTHER   ,WESTCHESTER ,20
VEH ,PROPANE ,JEFFERSON   ,1
BOAT,OTHER   ,MONTGOMERY  ,3
VEH ,COMP N/G,FRANKLIN    ,2
VEH ,COMP N/G,OSWEGO      ,2
VEH ,GAS     ,NIAGARA     ,149091
BOAT,NONE    ,PUTNAM      ,23
VEH ,PROPANE ,SENECA      ,6
BOAT,GAS     ,LEWIS       ,1731
BOAT,ELECTRIC,COLUMBIA    ,95
VEH ,NONE    ,YATES       ,70
VEH ,ELECTRIC,SARATOGA    ,184
VEH ,FLEX    ,ONEIDA      ,49
VEH ,PROPANE ,BROOME      ,28
VEH ,ELECTRIC,WAYNE       ,31
VEH ,DIESEL  ,GENESEE     ,3635
VEH ,OTHER   ,PUTNAM      ,1
BOAT,GAS     ,CAYUGA      ,4343
BOAT,OTHER   ,YATES       ,10
BOAT,DIESEL  ,QUEENS      ,290
VEH ,DIESEL  ,SCHOHARIE   ,2171
BOAT,NONE    ,FULTON      ,18
VEH ,DIESEL  ,ORANGE      ,12581
VEH ,COMP N/G,CAYUGA      ,5
BOAT,GAS     ,ULSTER      ,3823
VEH ,FLEX    ,WAYNE       ,12
VEH ,DIESEL  ,CATTARAUGUS ,3698
VEH ,ELECTRIC,ONEIDA      ,74
VEH ,FLEX    ,SARATOGA    ,31
BOAT,FLEX    ,COLUMBIA    ,1
TRL ,NONE    ,ST LAWRENCE ,21308
TRL ,NONE    ,ONTARIO     ,16004
BOAT,GAS     ,OSWEGO      ,7038
BOAT,GAS     ,FRANKLIN    ,3311
VEH ,NONE    ,BRONX       ,18
VEH ,COMP N/G,NASSAU      ,667
BOAT,ELECTRIC,CATTARAUGUS ,105
BOAT,DIESEL  ,ONEIDA      ,37
TRL ,NONE    ,WYOMING     ,7478
VEH ,FLEX    ,QUEENS      ,95
VEH ,PROPANE ,KINGS       ,28
BOAT,OTHER   ,BRONX       ,7
BOAT,ELECTRIC,ORANGE      ,855
VEH ,DIESEL  ,TIOGA       ,2404
VEH ,DIESEL  ,ONONDAGA    ,14398
VEH ,ELECTRIC,JEFFERSON   ,29
BOAT,FLEX    ,NEW YORK    ,5
VEH ,DIESEL  ,SCHUYLER    ,1148
VEH ,DIESEL  ,LIVINGSTON  ,3181
BOAT,DIESEL  ,BROOME      ,32
VEH ,GAS     ,HERKIMER    ,43764
BOAT,ELECTRIC,SULLIVAN    ,355
BOAT,DIESEL  ,SENECA      ,10
VEH ,FLEX    ,KINGS       ,67
VEH ,PROPANE ,QUEENS      ,19
VEH ,COMP N/G,WARREN      ,1
VEH ,GAS     ,CHENANGO    ,35958
TRL ,NONE    ,MONROE      ,47338
VEH ,PROPANE ,WAYNE       ,7
BOAT,OTHER   ,RENSSELAER  ,24
BOAT,GAS     ,CHEMUNG     ,2974
VEH ,GAS     ,CORTLAND    ,30118
VEH ,ELECTRIC,SENECA      ,10
VEH ,DIESEL  ,SULLIVAN    ,3872
TRL ,NONE    ,STEUBEN     ,14630
VEH ,ELECTRIC,BROOME      ,149
VEH ,PROPANE ,SARATOGA    ,11
BOAT,ELECTRIC,LIVINGSTON  ,62
BOAT,ELECTRIC,SCHUYLER    ,24
BOAT,ELECTRIC,ONONDAGA    ,234
BOAT,DIESEL  ,JEFFERSON   ,75
BOAT,ELECTRIC,TIOGA       ,68
VEH ,NONE    ,RENSSELAER  ,172
VEH ,GAS     ,CHAUTAUQUA  ,85478
VEH ,OTHER   ,GENESEE     ,1
VEH ,DIESEL  ,PUTNAM      ,3921
TRL ,NONE    ,ULSTER      ,15844
BOAT,DIESEL  ,YATES       ,7
BOAT,OTHER   ,QUEENS      ,17
VEH ,FLEX    ,BRONX       ,22
VEH ,OTHER   ,SCHOHARIE   ,3
VEH ,ELECTRIC,MONTGOMERY  ,15
BOAT,ELECTRIC,WESTCHESTER ,142
BOAT,NONE    ,GENESEE     ,7
BOAT,NONE    ,SCHOHARIE   ,7
BOAT,GAS     ,ST LAWRENCE ,8343
VEH ,NONE    ,QUEENS      ,1142
BOAT,OTHER   ,SARATOGA    ,46
BOAT,GAS     ,ONTARIO     ,6315
BOAT,COMP N/G,SUFFOLK     ,2
TRL ,NONE    ,OSWEGO      ,19836
TRL ,NONE    ,FRANKLIN    ,8744
BOAT,FLEX    ,FULTON      ,2
VEH ,GAS     ,ROCKLAND    ,207472
VEH ,NONE    ,WAYNE       ,206
VEH ,DIESEL  ,WESTCHESTER ,20660
VEH ,COMP N/G,WASHINGTON  ,6
BOAT,DIESEL  ,MONTGOMERY  ,4
BOAT,GAS     ,WYOMING     ,1381
VEH ,NONE    ,SARATOGA    ,357
VEH ,ELECTRIC,YATES       ,8
BOAT,NONE    ,COLUMBIA    ,20
VEH ,PROPANE ,RENSSELAER  ,26
BOAT,ELECTRIC,PUTNAM      ,63
VEH ,COMP N/G,TOMPKINS    ,8
BOAT,OTHER   ,WAYNE       ,11
VEH ,COMP N/G,ESSEX       ,1
VEH ,DIESEL  ,DELAWARE    ,2973
BOAT,DIESEL  ,ORLEANS     ,21
BOAT,ELECTRIC,MADISON     ,95
BOAT,NONE    ,GREENE      ,24
VEH ,ELECTRIC,CLINTON     ,41
VEH ,DIESEL  ,OTSEGO      ,2848
VEH ,OTHER   ,GREENE      ,1
BOAT,ELECTRIC,RICHMOND    ,128
VEH ,DIESEL  ,OUT-OF-STATE,9878
VEH ,FLEX    ,RENSSELAER  ,61
VEH ,GAS     ,SCHENECTADY ,114817
BOAT,NONE    ,NEW YORK    ,71
BOAT,ELECTRIC,OUT-OF-STATE,128
VEH ,DIESEL  ,RICHMOND    ,4846
VEH ,PROPANE ,BRONX       ,3
VEH ,COMP N/G,ERIE        ,242
BOAT,GAS     ,MONROE      ,22186
BOAT,OTHER   ,KINGS       ,25
TRL ,NONE    ,CHEMUNG     ,9676
BOAT,ELECTRIC,OTSEGO      ,128
BOAT,DIESEL  ,CLINTON     ,33
VEH ,OTHER   ,NEW YORK    ,44
BOAT,GAS     ,STEUBEN     ,3955
VEH ,DIESEL  ,MADISON     ,3121
VEH ,NONE    ,KINGS       ,238
BOAT,ELECTRIC,DELAWARE    ,80
VEH ,ELECTRIC,ORLEANS     ,10
BOAT,FLEX    ,DELAWARE    ,2
VEH ,FLEX    ,ORLEANS     ,12
VEH ,OTHER   ,SULLIVAN    ,24
VEH ,PROPANE ,MONTGOMERY  ,4
BOAT,PROPANE ,WESTCHESTER ,3
BOAT,OTHER   ,JEFFERSON   ,16
VEH ,COMP N/G,STEUBEN     ,2
VEH ,COMP N/G,MONROE      ,109
BOAT,GAS     ,ERIE        ,20273
BOAT,NONE    ,SULLIVAN    ,75
VEH ,GAS     ,ALBANY      ,214166
TRL ,NONE    ,WARREN      ,9383
BOAT,DIESEL  ,RENSSELAER  ,35
BOAT,FLEX    ,OUT-OF-STATE,10
VEH ,NONE    ,JEFFERSON   ,319
BOAT,NONE    ,SCHUYLER    ,14
BOAT,NONE    ,LIVINGSTON  ,17
BOAT,NONE    ,ONONDAGA    ,77
BOAT,NONE    ,TIOGA       ,14
VEH ,ELECTRIC,RENSSELAER  ,108
BOAT,FLEX    ,RICHMOND    ,3
VEH ,NONE    ,SENECA      ,95
VEH ,NONE    ,BROOME      ,362
VEH ,PROPANE ,YATES       ,5
VEH ,FLEX    ,CLINTON     ,57
VEH ,OTHER   ,TIOGA       ,1
VEH ,OTHER   ,ONONDAGA    ,6
VEH ,OTHER   ,LIVINGSTON  ,1
BOAT,OTHER   ,BROOME      ,35
BOAT,FLEX    ,MADISON     ,2
BOAT,OTHER   ,SENECA      ,5
BOAT,FLEX    ,PUTNAM      ,4
BOAT,GAS     ,TOMPKINS    ,2652
BOAT,GAS     ,ESSEX       ,3379
VEH ,FLEX    ,YATES       ,6
VEH ,NONE    ,ONEIDA      ,485
TRL ,GAS     ,WESTCHESTER ,1
VEH ,COMP N/G,WYOMING     ,1
BOAT,DIESEL  ,BRONX       ,113
BOAT,PROPANE ,RICHMOND    ,1
TRL ,NONE    ,NASSAU      ,20944
BOAT,GAS     ,WASHINGTON  ,2540
BOAT,ELECTRIC,FULTON      ,113
VEH ,COMP N/G,ONTARIO     ,3
VEH ,GAS     ,HAMILTON    ,4609
BOAT,PROPANE ,MADISON     ,1
VEH ,GAS     ,SUFFOLK     ,1143098
BOAT,OTHER   ,ONEIDA      ,24
VEH ,COMP N/G,ST LAWRENCE ,1
VEH ,GAS     ,ALLEGANY    ,29479
VEH ,DIESEL  ,FULTON      ,1906
BOAT,NONE    ,ORANGE      ,199
BOAT,FLEX    ,WESTCHESTER ,11
TRL ,NONE    ,LEWIS       ,5582
VEH ,FLEX    ,MONTGOMERY  ,7
VEH ,OTHER   ,ORANGE      ,179
VEH ,ELECTRIC,BRONX       ,1013
BOAT,NONE    ,CATTARAUGUS ,20
TRL ,NONE    ,CAYUGA      ,13097
BOAT,PROPANE ,OUT-OF-STATE,1
VEH ,NONE    ,LIVINGSTON  ,174
VEH ,NONE    ,SCHUYLER    ,76
VEH ,NONE    ,ONONDAGA    ,618
VEH ,NONE    ,TIOGA       ,93
VEH ,COMP N/G,SCHENECTADY ,4
TRL ,GAS     ,ORLEANS     ,1
BOAT,ELECTRIC,RENSSELAER  ,206
VEH ,PROPANE ,PUTNAM      ,2
VEH ,FLEX    ,RICHMOND    ,15
BOAT,NONE    ,SENECA      ,7
BOAT,NONE    ,BROOME      ,52
BOAT,OTHER   ,TIOGA       ,6
BOAT,FLEX    ,CLINTON     ,2
BOAT,OTHER   ,ONONDAGA    ,38
BOAT,OTHER   ,SCHUYLER    ,3
BOAT,OTHER   ,LIVINGSTON  ,5
VEH ,OTHER   ,BROOME      ,3
VEH ,FLEX    ,MADISON     ,11
VEH ,OTHER   ,SENECA      ,1
VEH ,FLEX    ,DELAWARE    ,12
BOAT,OTHER   ,SULLIVAN    ,29
TRL ,NONE    ,DUTCHESS    ,16100
VEH ,PROPANE ,WESTCHESTER ,21
VEH ,OTHER   ,JEFFERSON   ,1
VEH ,FLEX    ,OTSEGO      ,12
VEH ,GAS     ,ERIE        ,634185
VEH ,NONE    ,SULLIVAN    ,188
BOAT,GAS     ,ALBANY      ,7085
VEH ,FLEX    ,OUT-OF-STATE,75
VEH ,DIESEL  ,RENSSELAER  ,5029
BOAT,NONE    ,JEFFERSON   ,45
BOAT,OTHER   ,CATTARAUGUS ,10
TRL ,NONE    ,NIAGARA     ,21712
BOAT,GAS     ,ALLEGANY    ,1439
BOAT,DIESEL  ,FULTON      ,10
VEH ,PROPANE ,DELAWARE    ,8
VEH ,NONE    ,ORANGE      ,467
VEH ,FLEX    ,WESTCHESTER ,83
BOAT,ELECTRIC,BRONX       ,17
BOAT,OTHER   ,ORANGE      ,109
VEH ,NONE    ,CATTARAUGUS ,187
VEH ,PROPANE ,OTSEGO      ,20
VEH ,PROPANE ,OUT-OF-STATE,20
VEH ,FLEX    ,PUTNAM      ,15
VEH ,GAS     ,TOMPKINS    ,57841
VEH ,GAS     ,ESSEX       ,27148
BOAT,NONE    ,ONEIDA      ,47
BOAT,FLEX    ,YATES       ,1
VEH ,DIESEL  ,BRONX       ,9571
VEH ,GAS     ,WASHINGTON  ,45187
VEH ,ELECTRIC,FULTON      ,18
VEH ,PROPANE ,MADISON     ,11
BOAT,GAS     ,HAMILTON    ,1419
BOAT,GAS     ,SUFFOLK     ,51463
VEH ,OTHER   ,ONEIDA      ,4
BOAT,OTHER   ,COLUMBIA    ,9
VEH ,OTHER   ,SARATOGA    ,2
VEH ,GAS     ,ONTARIO     ,83640
VEH ,COMP N/G,SUFFOLK     ,288
VEH ,FLEX    ,FULTON      ,18
BOAT,GAS     ,ROCKLAND    ,2599
BOAT,NONE    ,WAYNE       ,31
BOAT,DIESEL  ,WESTCHESTER ,833
VEH ,DIESEL  ,MONTGOMERY  ,2566
BOAT,COMP N/G,WASHINGTON  ,1
VEH ,GAS     ,WYOMING     ,28586
VEH ,NONE    ,COLUMBIA    ,128
BOAT,ELECTRIC,YATES       ,18
BOAT,NONE    ,SARATOGA    ,77
VEH ,ELECTRIC,PUTNAM      ,70
VEH ,OTHER   ,WAYNE       ,1
BOAT,OTHER   ,GENESEE     ,5
BOAT,DIESEL  ,PUTNAM      ,58
VEH ,DIESEL  ,YATES       ,1285
VEH ,OTHER   ,QUEENS      ,17
BOAT,OTHER   ,SCHOHARIE   ,4
BOAT,FLEX    ,BRONX       ,4
BOAT,ELECTRIC,MONTGOMERY  ,51
VEH ,ELECTRIC,WESTCHESTER ,1949
VEH ,NONE    ,GENESEE     ,217
VEH ,NONE    ,SCHOHARIE   ,90
VEH ,COMP N/G,ALLEGANY    ,1
VEH ,GAS     ,ST LAWRENCE ,69276
BOAT,NONE    ,QUEENS      ,69
VEH ,NONE    ,NEW YORK    ,460
TRL ,NONE    ,CHENANGO    ,7928
VEH ,ELECTRIC,OUT-OF-STATE,167
BOAT,DIESEL  ,RICHMOND    ,219
BOAT,COMP N/G,ERIE        ,1
VEH ,GAS     ,MONROE      ,517336
VEH ,OTHER   ,KINGS       ,32
VEH ,COMP N/G,ALBANY      ,101
VEH ,ELECTRIC,OTSEGO      ,29
TRL ,NONE    ,CORTLAND    ,6042
VEH ,DIESEL  ,CLINTON     ,3630
BOAT,OTHER   ,NEW YORK    ,12
VEH ,GAS     ,STEUBEN     ,68864
BOAT,DIESEL  ,MADISON     ,25
TRL ,NONE    ,CHAUTAUQUA  ,16520
BOAT,NONE    ,KINGS       ,65
VEH ,ELECTRIC,DELAWARE    ,14
BOAT,ELECTRIC,ORLEANS     ,47
VEH ,DIESEL  ,ORLEANS     ,2140
BOAT,DIESEL  ,DELAWARE    ,11
VEH ,ELECTRIC,MADISON     ,39
VEH ,NONE    ,GREENE      ,87
TRL ,NONE    ,HERKIMER    ,8655
BOAT,ELECTRIC,CLINTON     ,162
BOAT,DIESEL  ,OTSEGO      ,13
BOAT,OTHER   ,GREENE      ,10
VEH ,ELECTRIC,RICHMOND    ,190
BOAT,FLEX    ,RENSSELAER  ,2
BOAT,DIESEL  ,OUT-OF-STATE,329
BOAT,GAS     ,SCHENECTADY ,4441
VEH ,PROPANE ,NEW YORK    ,5
TRL ,NONE    ,ROCKLAND    ,6113
VEH ,GAS     ,FRANKLIN    ,33093
VEH ,GAS     ,OSWEGO      ,82524
BOAT,NONE    ,BRONX       ,25
TRL ,GAS     ,WAYNE       ,1
VEH ,DIESEL  ,ONEIDA      ,8070
VEH ,ELECTRIC,CATTARAUGUS ,8
VEH ,FLEX    ,GENESEE     ,9
TRL ,GAS     ,SARATOGA    ,2
BOAT,FLEX    ,QUEENS      ,8
VEH ,ELECTRIC,ORANGE      ,197
VEH ,FLEX    ,SCHOHARIE   ,6
VEH ,OTHER   ,BRONX       ,16
VEH ,NONE    ,FULTON      ,72
BOAT,DIESEL  ,ORANGE      ,114
VEH ,PROPANE ,GREENE      ,5
VEH ,GAS     ,ULSTER      ,136068
BOAT,FLEX    ,WAYNE       ,2
VEH ,FLEX    ,COLUMBIA    ,11
BOAT,ELECTRIC,ONEIDA      ,237
BOAT,FLEX    ,SARATOGA    ,4
BOAT,DIESEL  ,CATTARAUGUS ,10
BOAT,OTHER   ,FULTON      ,7
VEH ,COMP N/G,NIAGARA     ,89
VEH ,FLEX    ,GREENE      ,15
BOAT,GAS     ,CHENANGO    ,1500
VEH ,OTHER   ,RENSSELAER  ,5
VEH ,GAS     ,CHEMUNG     ,57547
BOAT,GAS     ,CORTLAND    ,1643
VEH ,COMP N/G,DUTCHESS    ,3
BOAT,ELECTRIC,SENECA      ,22
BOAT,DIESEL  ,SULLIVAN    ,12
BOAT,ELECTRIC,BROOME      ,210
VEH ,PROPANE ,COLUMBIA    ,8
BOAT,PROPANE ,SARATOGA    ,1
VEH ,ELECTRIC,LIVINGSTON  ,27
VEH ,ELECTRIC,SCHUYLER    ,10
VEH ,DIESEL  ,JEFFERSON   ,4708
VEH ,ELECTRIC,ONONDAGA    ,241
VEH ,ELECTRIC,TIOGA       ,16
BOAT,NONE    ,RENSSELAER  ,52
TRL ,GAS     ,KINGS       ,2
TRL ,OTHER   ,MONROE      ,1
BOAT,GAS     ,CHAUTAUQUA  ,5203
BOAT,DIESEL  ,TIOGA       ,5
BOAT,ELECTRIC,JEFFERSON   ,143
VEH ,FLEX    ,NEW YORK    ,114
BOAT,DIESEL  ,ONONDAGA    ,174
BOAT,DIESEL  ,SCHUYLER    ,11
BOAT,DIESEL  ,LIVINGSTON  ,16
VEH ,DIESEL  ,BROOME      ,6431
BOAT,GAS     ,HERKIMER    ,2705
VEH ,ELECTRIC,SULLIVAN    ,33
VEH ,DIESEL  ,SENECA      ,1584
VEH ,PROPANE ,GENESEE     ,3
VEH ,PROPANE ,SCHOHARIE   ,22
BOAT,FLEX    ,KINGS       ,3
TRL ,NONE    ,SCHENECTADY ,11703
BOAT,DIESEL  ,GREENE      ,28
BOAT,OTHER   ,OTSEGO      ,8
BOAT,ELECTRIC,KINGS       ,176
VEH ,NONE    ,DELAWARE    ,135
BOAT,NONE    ,ORLEANS     ,14
VEH ,PROPANE ,ORANGE      ,109
BOAT,OTHER   ,OUT-OF-STATE,31
VEH ,COMP N/G,HERKIMER    ,10
BOAT,OTHER   ,DELAWARE    ,5
VEH ,FLEX    ,SULLIVAN    ,11
VEH ,NONE    ,OTSEGO      ,133
VEH ,PROPANE ,CATTARAUGUS ,2
VEH ,ELECTRIC,NEW YORK    ,1688
BOAT,FLEX    ,JEFFERSON   ,3
VEH ,NONE    ,OUT-OF-STATE,1100
VEH ,FLEX    ,TIOGA       ,4
BOAT,DIESEL  ,NEW YORK    ,534
VEH ,FLEX    ,ONONDAGA    ,74
VEH ,COMP N/G,CHAUTAUQUA  ,9
VEH ,FLEX    ,LIVINGSTON  ,18
VEH ,FLEX    ,SCHUYLER    ,5
BOAT,FLEX    ,BROOME      ,4
BOAT,PROPANE ,ONEIDA      ,2
BOAT,OTHER   ,MADISON     ,11
VEH ,COMP N/G,CORTLAND    ,1
BOAT,GAS     ,DUTCHESS    ,4713
BOAT,FLEX    ,SENECA      ,2
VEH ,NONE    ,RICHMOND    ,28
BOAT,NONE    ,CLINTON     ,24
TRL ,NONE    ,ALBANY      ,17606
BOAT,OTHER   ,RICHMOND    ,16
VEH ,GAS     ,WARREN      ,52645
VEH ,DIESEL  ,KINGS       ,18464
VEH ,NONE    ,MADISON     ,160
VEH ,ELECTRIC,GREENE      ,32
TRL ,NONE    ,ALLEGANY    ,6945
BOAT,GAS     ,NIAGARA     ,6601
VEH ,PROPANE ,LIVINGSTON  ,6
VEH ,PROPANE ,ONONDAGA    ,15
VEH ,NONE    ,PUTNAM      ,118
VEH ,PROPANE ,TIOGA       ,1
VEH ,GAS     ,LEWIS       ,20907
BOAT,ELECTRIC,SARATOGA    ,381
BOAT,FLEX    ,ONEIDA      ,3
VEH ,ELECTRIC,COLUMBIA    ,40
BOAT,NONE    ,YATES       ,13
BOAT,ELECTRIC,WAYNE       ,62
BOAT,DIESEL  ,GENESEE     ,13
BOAT,OTHER   ,PUTNAM      ,13
VEH ,GAS     ,CAYUGA      ,52010
VEH ,OTHER   ,YATES       ,1
VEH ,DIESEL  ,QUEENS      ,31895
BOAT,DIESEL  ,SCHOHARIE   ,7
VEH ,ELECTRIC,SCHOHARIE   ,12
VEH ,FLEX    ,ORANGE      ,41
BOAT,ELECTRIC,QUEENS      ,144
BOAT,NONE    ,MONTGOMERY  ,9
VEH ,NONE    ,WESTCHESTER ,814
VEH ,DIESEL  ,WAYNE       ,4186
VEH ,ELECTRIC,GENESEE     ,9
VEH ,DIESEL  ,SARATOGA    ,8023
VEH ,FLEX    ,CATTARAUGUS ,32
BOAT,DIESEL  ,COLUMBIA    ,20
VEH ,PROPANE ,SULLIVAN    ,4
VEH ,GAS     ,NASSAU      ,971941
TRL ,NONE    ,SUFFOLK     ,66361
BOAT,OTHER   ,WESTCHESTER ,22
BOAT,PROPANE ,JEFFERSON   ,1
VEH ,OTHER   ,MONTGOMERY  ,1
TRL ,NONE    ,HAMILTON    ,1651
BOAT,FLEX    ,CHENANGO    ,2
VEH ,ELECTRIC,WARREN      ,41
VEH ,PROPANE ,ULSTER      ,22
VEH ,GAS     ,GREENE      ,38625
VEH ,OTHER   ,SCHENECTADY ,2
VEH ,FLEX    ,CHEMUNG     ,17
BOAT,ELECTRIC,DUTCHESS    ,294
VEH ,COMP N/G,BROOME      ,4
BOAT,FLEX    ,CORTLAND    ,4
BOAT,FLEX    ,CHAUTAUQUA  ,3
BOAT,COMP N/G,ONONDAGA    ,2
BOAT,NONE    ,SCHENECTADY ,36
BOAT,OTHER   ,STEUBEN     ,15
VEH ,GAS     ,NEW YORK    ,251420
VEH ,PROPANE ,OSWEGO      ,4
VEH ,PROPANE ,FRANKLIN    ,40
VEH ,COMP N/G,JEFFERSON   ,1
VEH ,NONE    ,MONROE      ,707
BOAT,FLEX    ,HERKIMER    ,2
VEH ,DIESEL  ,DUTCHESS    ,9820
VEH ,NONE    ,STEUBEN     ,310
BOAT,GAS     ,KINGS       ,3156
BOAT,DIESEL  ,WARREN      ,38
BOAT,OTHER   ,MONROE      ,34
TRL ,NONE    ,RENSSELAER  ,14255
VEH ,FLEX    ,OSWEGO      ,19
VEH ,FLEX    ,FRANKLIN    ,25
VEH ,DIESEL  ,NIAGARA     ,6377
VEH ,ELECTRIC,NASSAU      ,1962
BOAT,DIESEL  ,LEWIS       ,7
BOAT,PROPANE ,HERKIMER    ,2
BOAT,OTHER   ,ST LAWRENCE ,32
VEH ,GAS     ,GENESEE     ,42222
VEH ,GAS     ,SCHOHARIE   ,23873
VEH ,NONE    ,ST LAWRENCE ,342
BOAT,GAS     ,QUEENS      ,4696
BOAT,DIESEL  ,CAYUGA      ,26
VEH ,FLEX    ,ULSTER      ,34
VEH ,ELECTRIC,CAYUGA      ,22
VEH ,NONE    ,ONTARIO     ,261
BOAT,NONE    ,ROCKLAND    ,65
BOAT,OTHER   ,WYOMING     ,1
BOAT,GAS     ,WAYNE       ,5239
TRL ,NONE    ,BRONX       ,2128
VEH ,PROPANE ,CHEMUNG     ,3
VEH ,NONE    ,WYOMING     ,189
VEH ,OTHER   ,ROCKLAND    ,6
VEH ,COMP N/G,ONEIDA      ,9
BOAT,DIESEL  ,NASSAU      ,1434
VEH ,ELECTRIC,LEWIS       ,4
BOAT,OTHER   ,ONTARIO     ,16
BOAT,GAS     ,SARATOGA    ,11519
VEH ,GAS     ,COLUMBIA    ,47605
BOAT,ELECTRIC,NIAGARA     ,100
BOAT,DIESEL  ,FRANKLIN    ,9
BOAT,DIESEL  ,OSWEGO      ,49
BOAT,OTHER   ,WASHINGTON  ,9
VEH ,NONE    ,ESSEX       ,179
VEH ,NONE    ,TOMPKINS    ,176
BOAT,FLEX    ,NIAGARA     ,2
BOAT,GAS     ,ONEIDA      ,8923
VEH ,OTHER   ,SUFFOLK     ,24
VEH ,FLEX    ,LEWIS       ,11
TRL ,NONE    ,MONTGOMERY  ,6930
VEH ,COMP N/G,SARATOGA    ,10
BOAT,OTHER   ,TOMPKINS    ,7
BOAT,OTHER   ,ESSEX       ,14
VEH ,COMP N/G,WAYNE       ,1
VEH ,NONE    ,WASHINGTON  ,148
BOAT,NONE    ,HAMILTON    ,11
VEH ,FLEX    ,CAYUGA      ,71
BOAT,NONE    ,SUFFOLK     ,431
VEH ,ELECTRIC,ULSTER      ,203
BOAT,DIESEL  ,ULSTER      ,108
BOAT,NONE    ,ALLEGANY    ,8
VEH ,GAS     ,ORANGE      ,264116
VEH ,COMP N/G,QUEENS      ,394
TRL ,NONE    ,YATES       ,4660
VEH ,FLEX    ,NASSAU      ,138
VEH ,GAS     ,CATTARAUGUS ,51727
VEH ,ELECTRIC,FRANKLIN    ,9
VEH ,ELECTRIC,OSWEGO      ,36
VEH ,OTHER   ,ALBANY      ,28
VEH ,DIESEL  ,CHENANGO    ,2591
BOAT,OTHER   ,ERIE        ,47
VEH ,COMP N/G,KINGS       ,284
BOAT,DIESEL  ,CHEMUNG     ,27
VEH ,GAS     ,SULLIVAN    ,55033
VEH ,NONE    ,ERIE        ,928
BOAT,ELECTRIC,HERKIMER    ,80
VEH ,PROPANE ,NASSAU      ,48
BOAT,NONE    ,ALBANY      ,70
TRL ,NONE    ,CLINTON     ,14154
VEH ,DIESEL  ,CORTLAND    ,1942
VEH ,DIESEL  ,CHAUTAUQUA  ,4784
BOAT,GAS     ,JEFFERSON   ,8921
VEH ,GAS     ,LIVINGSTON  ,45046
VEH ,GAS     ,SCHUYLER    ,14049
BOAT,PROPANE ,NIAGARA     ,1
VEH ,GAS     ,ONONDAGA    ,317746
TRL ,NONE    ,ORLEANS     ,6587
VEH ,GAS     ,TIOGA       ,36000
BOAT,ELECTRIC,CHAUTAUQUA  ,74
BOAT,ELECTRIC,CORTLAND    ,65
BOAT,GAS     ,SENECA      ,2172
BOAT,FLEX    ,DUTCHESS    ,2
VEH ,DIESEL  ,HERKIMER    ,3274
BOAT,GAS     ,BROOME      ,5133
VEH ,ELECTRIC,CHEMUNG     ,27
VEH ,PROPANE ,CAYUGA      ,2
VEH ,FLEX    ,WARREN      ,11
BOAT,ELECTRIC,CHENANGO    ,176
VEH ,DIESEL  ,ROCKLAND    ,6792
VEH ,ELECTRIC,ST LAWRENCE ,22
BOAT,DIESEL  ,ONTARIO     ,40
BOAT,FLEX    ,ALLEGANY    ,1
BOAT,OTHER   ,NASSAU      ,54
BOAT,GAS     ,MONTGOMERY  ,1545
VEH ,GAS     ,WESTCHESTER ,643882
TRL ,NONE    ,ONEIDA      ,24672
VEH ,NONE    ,NASSAU      ,1346
VEH ,PROPANE ,ERIE        ,16
VEH ,COMP N/G,BRONX       ,643
BOAT,PROPANE ,ALBANY      ,1
BOAT,DIESEL  ,WYOMING     ,4
TRL ,GAS     ,SUFFOLK     ,1
TRL ,GAS     ,HAMILTON    ,1
BOAT,NONE    ,NIAGARA     ,47
VEH ,FLEX    ,ESSEX       ,130
VEH ,FLEX    ,TOMPKINS    ,14
VEH ,GAS     ,PUTNAM      ,82679
VEH ,ELECTRIC,WYOMING     ,5
VEH ,NONE    ,LEWIS       ,78
BOAT,GAS     ,YATES       ,2116
BOAT,OTHER   ,CAYUGA      ,10
VEH ,FLEX    ,WASHINGTON  ,18
VEH ,OTHER   ,NIAGARA     ,2
VEH ,NONE    ,CAYUGA      ,250
BOAT,FLEX    ,SUFFOLK     ,60
VEH ,ELECTRIC,ONTARIO     ,82
BOAT,OTHER   ,LEWIS       ,4
BOAT,DIESEL  ,ST LAWRENCE ,24
BOAT,ELECTRIC,ROCKLAND    ,413
VEH ,PROPANE ,TOMPKINS    ,22
VEH ,COMP N/G,RENSSELAER  ,13
BOAT,ELECTRIC,SCHENECTADY ,159
BOAT,NONE    ,DUTCHESS    ,81
BOAT,OTHER   ,WARREN      ,19
BOAT,DIESEL  ,MONROE      ,344
VEH ,GAS     ,RICHMOND    ,270293
BOAT,DIESEL  ,STEUBEN     ,23
TRL ,GAS     ,ALBANY      ,2
BOAT,GAS     ,CLINTON     ,4866
VEH ,PROPANE ,WASHINGTON  ,9
VEH ,NONE    ,WARREN      ,157
VEH ,GAS     ,MADISON     ,49178
VEH ,OTHER   ,DUTCHESS    ,6
TRL ,NONE    ,JEFFERSON   ,17102
BOAT,PROPANE ,SUFFOLK     ,1
BOAT,GAS     ,ORLEANS     ,1536
VEH ,GAS     ,DELAWARE    ,34566
TRL ,NONE    ,SENECA      ,6146
TRL ,NONE    ,BROOME      ,16163
VEH ,ELECTRIC,STEUBEN     ,29
BOAT,FLEX    ,ALBANY      ,7
VEH ,ELECTRIC,MONROE      ,559
VEH ,FLEX    ,ERIE        ,105
VEH ,GAS     ,OTSEGO      ,41744
VEH ,DIESEL  ,SCHENECTADY ,3363
VEH ,GAS     ,OUT-OF-STATE,128993
BOAT,COMP N/G,OUT-OF-STATE,2
VEH ,ELECTRIC,ERIE        ,455
BOAT,NONE    ,HERKIMER    ,11
VEH ,FLEX    ,MONROE      ,111
BOAT,ELECTRIC,ALBANY      ,218
VEH ,FLEX    ,STEUBEN     ,16
VEH ,PROPANE ,ST LAWRENCE ,2
VEH ,OTHER   ,HERKIMER    ,1
VEH ,PROPANE ,ONTARIO     ,10
BOAT,NONE    ,CHENANGO    ,20
VEH ,OTHER   ,CHAUTAUQUA  ,1
VEH ,NONE    ,CHEMUNG     ,137
BOAT,NONE    ,CORTLAND    ,12
VEH ,DIESEL  ,ALBANY      ,14096
BOAT,DIESEL  ,ERIE        ,462
BOAT,OTHER   ,CHEMUNG     ,9
BOAT,FLEX    ,SCHENECTADY ,4
BOAT,GAS     ,RENSSELAER  ,4498
BOAT,NONE    ,CHAUTAUQUA  ,43
TRL ,NONE    ,KINGS       ,2827
BOAT,FLEX    ,ROCKLAND    ,7
VEH ,GAS     ,FULTON      ,38162
VEH ,DIESEL  ,ALLEGANY    ,2665
VEH ,FLEX    ,ONTARIO     ,16
BOAT,ELECTRIC,HAMILTON    ,31
VEH ,NONE    ,ULSTER      ,351
BOAT,ELECTRIC,SUFFOLK     ,488
VEH ,ELECTRIC,WASHINGTON  ,20
BOAT,OTHER   ,ULSTER      ,38
VEH ,FLEX    ,WYOMING     ,18
VEH ,ELECTRIC,ESSEX       ,52
VEH ,ELECTRIC,TOMPKINS    ,152
TRL ,NONE    ,QUEENS      ,5985
BOAT,DIESEL  ,ESSEX       ,37
BOAT,DIESEL  ,TOMPKINS    ,73
VEH ,NONE    ,OSWEGO      ,221
VEH ,NONE    ,FRANKLIN    ,155
BOAT,GAS     ,BRONX       ,1890
TRL ,NONE    ,WAYNE       ,16525
VEH ,PROPANE ,MONROE      ,49
VEH ,COMP N/G,MONTGOMERY  ,2
BOAT,DIESEL  ,WASHINGTON  ,9
BOAT,OTHER   ,OSWEGO      ,21
BOAT,OTHER   ,FRANKLIN    ,8
TRL ,NONE    ,SARATOGA    ,26703
VEH ,PROPANE ,STEUBEN     ,1
VEH ,DIESEL  ,SUFFOLK     ,52871
BOAT,ELECTRIC,ALLEGANY    ,56
VEH ,DIESEL  ,HAMILTON    ,430
VEH ,FLEX    ,ST LAWRENCE ,24
TRL ,NONE    ,NEW YORK    ,1697
BOAT,OTHER   ,CORTLAND    ,3
VEH ,NONE    ,CHENANGO    ,134
TRL ,GAS     ,MONROE      ,2
BOAT,OTHER   ,CHAUTAUQUA  ,16
BOAT,NONE    ,CHEMUNG     ,18
BOAT,OTHER   ,CHENANGO    ,10
BOAT,DIESEL  ,ALBANY      ,83
VEH ,NONE    ,CORTLAND    ,112
VEH ,DIESEL  ,ERIE        ,22265
VEH ,COMP N/G,RICHMOND    ,5
VEH ,FLEX    ,SCHENECTADY ,19
VEH ,GAS     ,RENSSELAER  ,111323
VEH ,NONE    ,CHAUTAUQUA  ,336
TRL ,NONE    ,GREENE      ,6610
VEH ,COMP N/G,OUT-OF-STATE,41
BOAT,ELECTRIC,ERIE        ,295
VEH ,NONE    ,HERKIMER    ,88
BOAT,FLEX    ,MONROE      ,12
VEH ,ELECTRIC,ALBANY      ,479
BOAT,OTHER   ,HERKIMER    ,1
VEH ,DIESEL  ,ESSEX       ,1892
VEH ,DIESEL  ,TOMPKINS    ,2693
BOAT,NONE    ,FRANKLIN    ,20
BOAT,NONE    ,OSWEGO      ,42
VEH ,GAS     ,BRONX       ,288952
VEH ,COMP N/G,WESTCHESTER ,29
VEH ,DIESEL  ,WASHINGTON  ,3291
TRL ,NONE    ,COLUMBIA    ,7696
BOAT,DIESEL  ,SUFFOLK     ,3109
VEH ,ELECTRIC,ALLEGANY    ,11
BOAT,DIESEL  ,HAMILTON    ,2
BOAT,FLEX    ,ST LAWRENCE ,6
VEH ,FLEX    ,ROCKLAND    ,20
BOAT,GAS     ,FULTON      ,3560
BOAT,FLEX    ,ONTARIO     ,5
BOAT,DIESEL  ,ALLEGANY    ,3
VEH ,ELECTRIC,HAMILTON    ,7
BOAT,NONE    ,ULSTER      ,59
VEH ,ELECTRIC,SUFFOLK     ,1620
BOAT,ELECTRIC,WASHINGTON  ,110
VEH ,OTHER   ,ULSTER      ,26
TRL ,NONE    ,GENESEE     ,8954
BOAT,FLEX    ,WYOMING     ,1
TRL ,NONE    ,SCHOHARIE   ,4914
BOAT,ELECTRIC,ESSEX       ,101
BOAT,ELECTRIC,TOMPKINS    ,68
VEH ,PROPANE ,SCHENECTADY ,9
VEH ,COMP N/G,PUTNAM      ,1
VEH ,NONE    ,NIAGARA     ,296
BOAT,FLEX    ,ESSEX       ,2
BOAT,FLEX    ,TOMPKINS    ,3
TRL ,NONE    ,ORANGE      ,19173
BOAT,GAS     ,PUTNAM      ,2504
BOAT,ELECTRIC,WYOMING     ,27
BOAT,NONE    ,LEWIS       ,13
VEH ,GAS     ,YATES       ,16463
BOAT,FLEX    ,WASHINGTON  ,3
TRL ,NONE    ,CATTARAUGUS ,10971
BOAT,OTHER   ,NIAGARA     ,11
VEH ,FLEX    ,SUFFOLK     ,168
BOAT,NONE    ,CAYUGA      ,22
BOAT,ELECTRIC,ONTARIO     ,88
VEH ,FLEX    ,HAMILTON    ,5
VEH ,DIESEL  ,ST LAWRENCE ,4786
VEH ,ELECTRIC,ROCKLAND    ,304
BOAT,DIESEL  ,ROCKLAND    ,162
BOAT,ELECTRIC,ST LAWRENCE ,174
VEH ,FLEX    ,ALLEGANY    ,25
VEH ,DIESEL  ,ONTARIO     ,4985
VEH ,OTHER   ,NASSAU      ,17
TRL ,GAS     ,ESSEX       ,1
VEH ,GAS     ,MONTGOMERY  ,36004
BOAT,GAS     ,WESTCHESTER ,8508
BOAT,NONE    ,NASSAU      ,189
VEH ,DIESEL  ,WYOMING     ,2938
VEH ,PROPANE ,ALBANY      ,40
TRL ,NONE    ,ONONDAGA    ,36326
TRL ,NONE    ,LIVINGSTON  ,10276
TRL ,NONE    ,SCHUYLER    ,3609
VEH ,PROPANE ,ALLEGANY    ,2
TRL ,NONE    ,TIOGA       ,7161
VEH ,GAS     ,ORLEANS     ,26806
BOAT,GAS     ,DELAWARE    ,883
BOAT,ELECTRIC,STEUBEN     ,142
VEH ,FLEX    ,ALBANY      ,1173
BOAT,ELECTRIC,MONROE      ,324
BOAT,FLEX    ,ERIE        ,17
BOAT,GAS     ,OTSEGO      ,1879
BOAT,DIESEL  ,SCHENECTADY ,30
BOAT,GAS     ,OUT-OF-STATE,11030
BOAT,PROPANE ,TOMPKINS    ,2
VEH ,ELECTRIC,SCHENECTADY ,140
VEH ,NONE    ,DUTCHESS    ,322
VEH ,DIESEL  ,MONROE      ,19689
VEH ,OTHER   ,WARREN      ,1
BOAT,GAS     ,RICHMOND    ,2736
TRL ,NONE    ,SULLIVAN    ,8333
TRL ,GAS     ,ERIE        ,2
VEH ,DIESEL  ,STEUBEN     ,4725
VEH ,GAS     ,CLINTON     ,57253
BOAT,NONE    ,WARREN      ,34
BOAT,GAS     ,MADISON     ,3601
VEH ,PROPANE ,HAMILTON    ,1
BOAT,OTHER   ,DUTCHESS    ,29
VEH ,PROPANE ,SUFFOLK     ,114
VEH ,DIESEL  ,ULSTER      ,7631
VEH ,NONE    ,ALLEGANY    ,163
VEH ,COMP N/G,SCHOHARIE   ,3
BOAT,GAS     ,ORANGE      ,5480
TRL ,NONE    ,PUTNAM      ,4971
BOAT,COMP N/G,QUEENS      ,1
VEH ,COMP N/G,GENESEE     ,4
BOAT,FLEX    ,NASSAU      ,38
BOAT,OTHER   ,ALLEGANY    ,6
BOAT,GAS     ,CATTARAUGUS ,2247
BOAT,ELECTRIC,OSWEGO      ,131
BOAT,ELECTRIC,FRANKLIN    ,130
VEH ,DIESEL  ,OSWEGO      ,4825
VEH ,DIESEL  ,FRANKLIN    ,2181
VEH ,OTHER   ,WASHINGTON  ,1
BOAT,NONE    ,ESSEX       ,21
BOAT,NONE    ,TOMPKINS    ,28
VEH ,FLEX    ,NIAGARA     ,24
VEH ,GAS     ,ONEIDA      ,156401
TRL ,NONE    ,WESTCHESTER ,11884
BOAT,OTHER   ,SUFFOLK     ,135
BOAT,OTHER   ,HAMILTON    ,3
VEH ,PROPANE ,DUTCHESS    ,54
VEH ,COMP N/G,COLUMBIA    ,5
VEH ,OTHER   ,TOMPKINS    ,2
VEH ,OTHER   ,ESSEX       ,1
BOAT,NONE    ,WASHINGTON  ,20
BOAT,PROPANE ,WARREN      ,1
VEH ,NONE    ,HAMILTON    ,76
VEH ,NONE    ,SUFFOLK     ,1781
BOAT,ELECTRIC,ULSTER      ,231
BOAT,FLEX    ,CAYUGA      ,4
VEH ,PROPANE ,NIAGARA     ,7
BOAT,GAS     ,LIVINGSTON  ,3119
BOAT,GAS     ,SCHUYLER    ,1275
BOAT,GAS     ,ONONDAGA    ,17297
TRL ,NONE    ,DELAWARE    ,6513
BOAT,GAS     ,TIOGA       ,1727
VEH ,ELECTRIC,CHAUTAUQUA  ,56
VEH ,ELECTRIC,CORTLAND    ,34
VEH ,GAS     ,SENECA      ,22814
BOAT,DIESEL  ,HERKIMER    ,8
VEH ,FLEX    ,DUTCHESS    ,51
BOAT,PROPANE ,LEWIS       ,1
VEH ,GAS     ,BROOME      ,132208
TRL ,NONE    ,OTSEGO      ,7383
BOAT,ELECTRIC,CHEMUNG     ,124
BOAT,FLEX    ,WARREN      ,6
TRL ,NONE    ,OUT-OF-STATE,9342
VEH ,ELECTRIC,CHENANGO    ,8
BOAT,OTHER   ,ALBANY      ,26
BOAT,DIESEL  ,CHENANGO    ,14
VEH ,OTHER   ,ERIE        ,12
VEH ,DIESEL  ,CHEMUNG     ,2515
TRL ,NONE    ,RICHMOND    ,3669
BOAT,GAS     ,SULLIVAN    ,2026
BOAT,NONE    ,ERIE        ,130
VEH ,ELECTRIC,HERKIMER    ,9
BOAT,PROPANE ,NASSAU      ,3
BOAT,DIESEL  ,CORTLAND    ,9
VEH ,NONE    ,ALBANY      ,3461
BOAT,DIESEL  ,CHAUTAUQUA  ,40
VEH ,COMP N/G,NEW YORK    ,339
VEH ,GAS     ,JEFFERSON   ,74577
TRL ,NONE    ,MADISON     ,10526
VEH ,OTHER   ,STEUBEN     ,1
BOAT,GAS     ,NEW YORK    ,3262
BOAT,PROPANE ,OSWEGO      ,1
BOAT,NONE    ,MONROE      ,137
BOAT,DIESEL  ,DUTCHESS    ,128
VEH ,FLEX    ,HERKIMER    ,9
BOAT,NONE    ,STEUBEN     ,35
VEH ,GAS     ,KINGS       ,514327
VEH ,DIESEL  ,WARREN      ,2593
VEH ,OTHER   ,MONROE      ,10
VEH ,FLEX    ,CHENANGO    ,11
BOAT,ELECTRIC,WARREN      ,161
BOAT,GAS     ,GREENE      ,1735
BOAT,OTHER   ,SCHENECTADY ,14
VEH ,ELECTRIC,DUTCHESS    ,256
BOAT,COMP N/G,BROOME      ,1
VEH ,FLEX    ,CORTLAND    ,18
VEH ,FLEX    ,CHAUTAUQUA  ,21
VEH ,COMP N/G,ONONDAGA    ,177
VEH ,COMP N/G,LIVINGSTON  ,1
VEH ,NONE    ,SCHENECTADY ,147
VEH ,COMP N/G,TIOGA       ,2
BOAT,ELECTRIC,CAYUGA      ,48
BOAT,FLEX    ,ULSTER      ,5
BOAT,NONE    ,ONTARIO     ,28
VEH ,PROPANE ,CHENANGO    ,25
VEH ,NONE    ,ROCKLAND    ,311
TRL ,GAS     ,FRANKLIN    ,1
TRL ,GAS     ,OSWEGO      ,1
VEH ,GAS     ,WAYNE       ,70488
BOAT,NONE    ,WYOMING     ,6
VEH ,PROPANE ,CORTLAND    ,4
BOAT,OTHER   ,ROCKLAND    ,36
BOAT,COMP N/G,ONEIDA      ,1
BOAT,ELECTRIC,LEWIS       ,66
VEH ,DIESEL  ,NASSAU      ,26787
BOAT,GAS     ,COLUMBIA    ,2182
VEH ,GAS     ,SARATOGA    ,181168
VEH ,ELECTRIC,NIAGARA     ,88
VEH ,PROPANE ,CHAUTAUQUA  ,7
TRL ,NONE    ,FULTON      ,7923
BOAT,FLEX    ,FRANKLIN    ,2
BOAT,FLEX    ,OSWEGO      ,6
TRL ,GAS     ,ULSTER      ,1
BOAT,DIESEL  ,NIAGARA     ,107
VEH ,DIESEL  ,LEWIS       ,1891
BOAT,ELECTRIC,NASSAU      ,192
VEH ,OTHER   ,ST LAWRENCE ,3
VEH ,COMP N/G,CATTARAUGUS ,36
BOAT,GAS     ,GENESEE     ,1742
BOAT,GAS     ,SCHOHARIE   ,822
BOAT,NONE    ,ST LAWRENCE ,56
VEH ,GAS     ,QUEENS      ,819815
VEH ,DIESEL  ,CAYUGA      ,4071
